X,Y,Name
2.23097781595,-0.790494134468,Good
-0.119607044589,-1.76327249276,Bad
0.0824122098673,-0.830462884771,Bad
1.10587577113,-0.279055361244,Good
-0.491431507847,1.23090059743,Good
2.19959646446,1.56997930021,Good
-0.469391407846,0.25410173028,Bad
-1.65046845283,-1.00056991422,Bad
1.18135059539,0.845041255762,Good
0.761792307781,-0.15222424991,Good
-1.12951924348,0.557231815069,Bad
-0.606160426499,-0.722383064942,Bad
0.126861061278,-1.06244515132,Bad
1.57314403384,1.04934595369,Good
0.849524521811,-1.06492340107,Bad
-0.288976239541,-0.505982607085,Bad
-1.23321848561,-0.609871126225,Bad
0.670000528116,1.17066153829,Good
1.28830160798,-1.50934592206,Bad
-0.207497886416,0.812334116579,Good
-1.78153336576,-0.343901322391,Bad
-0.342326714608,-1.5363639911,Bad
1.11230810754,-1.83577285466,Bad
-0.0648988774049,-1.25213660213,Bad
-0.557140540469,-0.274666235656,Bad
1.64397850819,-0.864529189946,Good
-1.01666255452,1.45758375483,Good
-1.2747838258,-0.143558719744,Bad
0.116362060032,-0.508359596978,Bad
-1.86544089282,0.229460701833,Bad
-0.167292838474,-0.389302652533,Bad
-1.25721071056,1.43314832205,Good
-1.4561243968,-0.238199793635,Bad
0.372408502071,-0.133485662397,Good
0.896115681888,1.28347231366,Good
-1.11449324871,0.0837307451119,Bad
-1.52901193086,1.30478998598,Bad
-0.930890126241,0.349461074911,Bad
-0.97629816059,0.120546165154,Bad
0.14143470725,0.585731304661,Good
0.526713342957,0.347058395435,Good
-0.295582656058,0.44090850277,Good
-1.34411073936,0.289837615592,Bad
-0.338283184914,0.174489675791,Bad
-0.0747758710918,0.159478891761,Good
0.251622586585,-0.350444454647,Bad
-0.985209427695,0.0752401075567,Bad
-0.0697007101911,0.727335579261,Good
0.430244869845,1.53920737507,Good
-1.73187473543,0.393490225174,Bad
0.0709701315731,1.10908539792,Good
0.124061602957,-0.517406570729,Bad
2.4006926366,-0.00095490848291,Good
0.136802794789,-0.410008772932,Bad
1.15527856364,-1.5703823866,Bad
0.35409509735,1.28440751755,Good
-1.30863610034,-0.444420643533,Bad
1.16410843451,-1.574128248,Bad
0.270598646793,-1.829674196,Bad
1.12124117615,-1.7194724409,Bad
0.930047958234,-0.711240377043,Good
-1.2897605376,0.0460548391665,Bad
0.497294117483,-0.790497214413,Bad
-0.0388840252152,-1.44178714585,Bad
0.101973796732,1.75135027943,Good
-0.0410457455989,0.366993431351,Good
-0.52497919629,0.858956194577,Good
-0.336303340121,-2.1076844587,Bad
-1.4010152852,0.459721947003,Bad
0.357488283302,-0.120962488919,Good
-0.803465891565,-0.588148012971,Bad
1.48102250291,2.34486703372,Good
0.487569035976,-2.16818276058,Bad
-0.63228239188,-1.42116353292,Bad
-1.36766955276,-0.914346018116,Bad
-1.23375055081,1.00669908202,Bad
-0.404536526833,-0.209101491983,Bad
0.62139914912,-1.85392637443,Bad
1.01355263938,-0.553343182058,Good
1.04581258958,-0.327353154169,Good
1.30745471533,-0.387195374416,Good
-0.283424959854,0.488126983884,Good
0.12968927539,0.376050454434,Good
-0.237313992101,-0.683267084473,Bad
-0.488795578135,-0.432973473417,Bad
0.727771172729,3.20744258476,Good
-1.43666242303,-0.0306976026762,Bad
0.855808539677,-0.207600785117,Good
-0.543796488416,-0.0469389864237,Bad
0.0148719996839,0.224230793734,Good
1.86911036888,-0.27036652079,Good
-0.715558764458,-0.0515195108841,Bad
-0.168298634014,1.39089220652,Good
0.249972214843,-0.41352018337,Bad
-0.819552169254,2.1110787702,Good
-1.85489131431,-0.881226951245,Bad
-1.17344664371,-1.47728257466,Bad
-0.822754343216,-0.700329029454,Bad
0.953286540007,0.709771270893,Good
0.187124014495,-0.234223745291,Bad
-0.782514453803,0.23770897337,Bad
0.46705936323,0.965192831729,Good
-1.7016943001,0.352075645603,Bad
-0.00773721127091,0.738091857034,Good
-1.37730104295,0.686696832421,Bad
-1.41627202132,1.17091657357,Bad
-0.369575835579,-0.854218423693,Bad
0.519690729563,-1.39138277777,Bad
0.329859054326,-2.42542172896,Bad
-1.10257607255,-0.475720635569,Bad
0.162971097952,0.36385609309,Good
-1.14812182902,0.62926021125,Bad
-0.960531744195,1.09104181783,Good
0.330750438267,-0.624314021211,Bad
-0.0108731957235,2.38784829907,Good
0.876086443023,-0.3852196408,Good
0.786723321864,-0.745697492226,Good
0.692414440886,1.13088013668,Good
0.992211285395,-1.25469594178,Bad
0.274104832924,-0.87730377792,Bad
-0.288203148978,-0.723859624003,Bad
-0.302792203192,1.07344114387,Good
0.175089795518,-1.74599210986,Bad
0.489424843008,0.562674890086,Good
0.140134204812,1.2407186019,Good
-0.141634927895,0.859573664425,Good
2.3888019491,0.501754295434,Good
0.972374197626,0.00966923908976,Good
-1.73311630282,1.2294484111,Bad
-0.334155084561,-1.55461874565,Bad
0.558288435742,0.38336330772,Good
0.26577305286,-2.52667273929,Bad
0.904052996064,-0.507026719453,Good
-0.320101718416,0.267775966508,Bad
-0.440871433931,1.42130752471,Good
-0.844645960638,-0.847349771825,Bad
-0.792301919492,0.394542997206,Bad
0.052306364295,0.41599616269,Good
1.96731928621,2.50500699564,Good
0.364009382518,1.55351395525,Good
-1.26846764832,-1.88524998565,Bad
-1.06583968502,-1.21996912793,Bad
-1.27040819313,-0.200227960376,Bad
0.813870586983,-0.135010840164,Good
-0.104276858682,0.122585459337,Good
0.235893947812,-0.152546662699,Good
-1.05225734852,-0.341642557972,Bad
-2.31367340606,0.14120762696,Bad
0.447801232689,-1.53822533575,Bad
-1.05360709838,0.242084488344,Bad
0.0150339412414,1.31543422693,Good
-0.918248156722,0.0345452564966,Bad
1.23282023531,0.160818943737,Good
-1.64349422612,0.786954787743,Bad
-0.125339052117,1.72626557904,Good
0.454823851848,-0.459244225899,Bad
1.44963615429,-0.30453793105,Good
-0.354604750283,-1.67608896735,Bad
-1.38465873561,0.219510082551,Bad
1.90201834767,0.562105190288,Good
0.579945865435,-0.0710388014842,Good
0.187967736866,0.32972843692,Good
-0.880145649145,-0.38847268533,Bad
-1.28794941834,0.629400872686,Bad
0.350233057269,1.0746855046,Good
1.47368227042,0.902653803773,Good
0.185184304547,-0.303263048615,Bad
-0.263395469369,1.23428085447,Good
0.362842993595,0.0560081884662,Good
0.0809213177704,0.11062795628,Good
-0.17523568566,0.535274167222,Good
0.632353908939,-1.54461953718,Bad
0.14501321548,-0.309539629979,Bad
1.06181131434,0.549685398911,Good
-0.112230877122,-0.136035248981,Bad
-0.135500598526,1.86574007918,Good
1.40872891444,-2.33295122176,Bad
0.477572426599,-0.562801961441,Bad
-0.229733037483,2.68749877506,Good
-1.77390123412,-0.067664363508,Bad
0.803706202849,-0.920589902276,Bad
0.541770544683,-0.700582294243,Bad
-0.00151969551641,1.1266102429,Good
0.665615455642,1.36883557984,Good
-0.143585813435,-1.16328842584,Bad
1.22784517224,-1.02465296543,Good
-0.200315785561,-0.569591405255,Bad
0.14142334025,0.0396261752789,Good
-0.459025339219,0.329499136277,Bad
-0.567443495736,0.517588899889,Bad
-0.0718961738713,1.50081754768,Good
-2.09947108381,-1.41309274831,Bad
-0.475977963719,0.375298876421,Bad
1.76192558769,0.0640241105881,Good
-0.0853004279263,1.71623066951,Good
0.331117557963,1.26370415432,Good
0.202887219675,-0.258314556852,Bad
-0.36258889218,1.94059444031,Good
-0.993362557064,-1.11859250764,Bad
0.968007275331,-1.37424284977,Bad
0.656406397762,-0.586736249764,Good
-1.10248878598,1.35647250752,Good
-0.917939110005,-0.0337616308905,Bad
-0.309080321109,-0.815614577268,Bad
1.38718709433,0.109132921482,Good
1.43969638146,1.23391299364,Good
1.14057542698,-0.439677344739,Good
-0.19816265355,-1.0559432632,Bad
0.337881026708,-0.454527453031,Bad
-0.156819729008,-0.373858902052,Bad
0.840510521127,-0.864766118995,Bad
-0.0447095935089,0.64420031668,Good
-0.759771805226,0.502494212103,Bad
-0.321549952747,-0.429610354333,Bad
-1.13403440564,-1.04833235633,Bad
-0.213923737079,0.740768334406,Good
0.332625373356,0.479212118619,Good
-0.273754500397,-1.99630940916,Bad
1.22000500089,-1.03411981233,Good
0.146058962735,0.344648295839,Good
-0.454516224813,1.38891552521,Good
-0.131509821446,0.974610394277,Good
0.36477193911,-0.425204376444,Bad
0.213358169669,0.401954383399,Good
0.253333669099,0.794031050509,Good
-0.56288986295,-0.58889595058,Bad
-0.0301740570496,-0.559645098354,Bad
0.961206598481,1.54214471584,Good
0.387408964662,1.23891729753,Good
-2.00223338105,0.270641874938,Bad
0.383295338083,1.03707700943,Good
-0.642310767417,0.377782366555,Bad
0.284481606259,1.52790471572,Good
-1.57920032942,0.530580778862,Bad
-0.238322381676,-1.16765533377,Bad
-0.845417309065,-0.0590013679096,Bad
0.264160390634,0.840927529734,Good
0.0148128238072,1.37182894627,Good
-0.0177642062974,-0.721513292556,Bad
0.998386907058,0.918171866961,Good
0.748008751836,-0.992801291179,Bad
-0.652455219466,-1.20396568527,Bad
1.26540098945,-0.277509432951,Good
-0.0765994725228,-0.630808808316,Bad
0.0344048716268,-0.31747575467,Bad
1.11131568093,-1.04628249958,Good
0.930680909206,-1.37370250647,Bad
1.41244192784,1.02686029617,Good
0.473452337323,-0.386872278321,Good
-0.0134422128596,-0.559199603826,Bad
1.71181120385,1.25600726972,Good
2.34521037703,-1.16801610014,Good
0.791317648003,1.20853334737,Good
0.655757785444,0.0411292210377,Good
-2.68822801322,-1.04772955237,Bad
-0.969122849864,-0.178809462732,Bad
-0.518417752171,0.748332613903,Good
-0.949186689445,1.37679299246,Good
0.82115710252,0.491934514782,Good
-0.482501493188,-1.61440586833,Bad
-0.175595046737,-0.453521655914,Bad
-2.08503815663,0.243505838871,Bad
-0.141171355209,-0.137280977251,Bad
0.103153453301,1.01206505925,Good
-0.788760566919,0.945688392434,Good
-1.68219219888,-0.425711419288,Bad
0.463710381652,1.09852960818,Good
1.40951981704,0.0584700246158,Good
1.75826148708,-0.588850197048,Good
-0.477650889378,0.0077973776675,Bad
-1.01673486796,-0.222013943527,Bad
-0.159166380776,1.27020449288,Good
0.00829831189863,0.0905334509346,Good
0.98806705491,0.43762857471,Good
-0.114551446601,0.957089638201,Good
0.183809703357,0.558352237839,Good
0.872053422181,1.44965829765,Good
1.35218085163,1.48667494688,Good
-0.606670658823,1.92099880353,Good
1.7235573682,-1.50654669411,Good
0.810718100758,-0.371473160903,Good
-0.624641415222,0.13027653183,Bad
-0.488897260091,0.557855266023,Good
0.471060176914,1.0014029553,Good
1.49089365923,0.232616063188,Good
-0.132519477238,0.140362357229,Good
-0.779498669626,0.296960823087,Bad
-1.12922253653,-1.13787072435,Bad
0.326497483328,-0.451885625471,Bad
0.900874306552,-0.730771825094,Good
0.184476049997,-0.112213148857,Good
0.602984163196,-0.872962508565,Bad
-0.398414069497,-1.62185863369,Bad
1.8262166177,-0.28609502916,Good
-0.839606046354,0.179024801171,Bad
0.220055049214,1.64992554069,Good
0.111663684968,-0.0565029314277,Good
0.634070063001,-0.117987578228,Good
-3.08761347049,-0.806670728973,Bad
0.494474378549,-0.285475006663,Good
-1.22939210767,-0.0257956184679,Bad
0.124789506107,1.69049421702,Good
-0.965175590645,0.729019890898,Bad
0.88883481276,0.74266627559,Good
-1.03780977028,-2.08175543052,Bad
-1.67235225619,0.774099496219,Bad
-0.269379371078,-0.339389925632,Bad
-0.149956962505,0.0275412083129,Bad
0.280799713259,0.943472092262,Good
1.31763475247,-0.0882137986484,Good
0.45019299989,-0.35391186365,Good
-0.00192245731603,-1.17515407832,Bad
-0.800182605016,-0.298581017611,Bad
-0.162460213098,-0.0117631231707,Bad
0.336320663123,0.224929684047,Good
-1.01213805649,1.78755736924,Good
-2.01699357796,-0.688432969765,Bad
0.167741855114,-0.863538072414,Bad
1.15514366545,1.39911837295,Good
-0.271001001963,-1.42619242885,Bad
1.08034335712,-0.105013920023,Good
-0.877900646053,-0.729545153739,Bad
-0.0281063770717,0.968523679483,Good
-1.29156792672,1.00302677828,Bad
0.00830528452921,1.32821444895,Good
1.10279151346,0.647729661911,Good
0.78724330484,0.0218868947172,Good
0.869147181938,1.66278606213,Good
0.37947013307,-1.8446835157,Bad
-0.946163308115,0.907757142763,Bad
1.77331129307,-0.927573209662,Good
-2.32511808455,0.391603470325,Bad
-3.0042836216,-1.23482543318,Bad
0.819484576213,-0.267408428157,Good
-1.82986060843,-0.218793011113,Bad
0.45131656155,0.136578263441,Good
1.41839070233,-0.768854438085,Good
-0.44527089615,-0.439137408161,Bad
1.9507250543,-0.666749269734,Good
-1.26140579719,1.0729186331,Bad
0.373287201007,-0.637251733247,Bad
0.644603402511,0.310783462278,Good
0.5285916627,-0.583623230519,Bad
-0.52406327428,1.36580705338,Good
1.03504243287,3.53464567075,Good
-0.905074342607,-1.65144959268,Bad
-2.18109094407,1.66872312525,Bad
-0.417474962895,-0.717180393034,Bad
0.257859654168,-2.87394929072,Bad
-0.722504568051,0.663891481208,Bad
2.58281041955,0.639639750658,Good
-2.0390606363,-0.358193002154,Bad
0.0210474574467,-1.32507793858,Bad
0.223854098126,-1.63713143614,Bad
0.923668287573,-0.107573789576,Good
-1.00473015052,-0.478364449422,Bad
-0.975144599186,-0.613714381808,Bad
-0.61329678872,0.893645339482,Good
0.634811983614,0.860444111353,Good
0.232039687402,-0.269567951001,Bad
1.0665762726,1.15845201284,Good
-0.304685608804,0.0253043046402,Bad
-0.895280676494,1.26435591663,Good
0.26028950487,0.746301818405,Good
-0.780863903225,-0.144713242624,Bad
-0.0173734804051,-0.956178309559,Bad
-2.42687623363,1.44092539384,Bad
-0.573103677977,0.949059730897,Good
-0.408131473246,0.626222191124,Good
-2.3523512785,-0.441307455824,Bad
0.25600749862,0.701423410842,Good
-0.135143107818,-1.37456707174,Bad
-3.03604418993,-1.42369604111,Bad
0.440768030014,0.0766949263448,Good
0.746556609266,0.0235484739955,Good
1.82523518389,-0.409345388509,Good
-0.344780833525,-1.68375540723,Bad
0.61603939584,2.62654426908,Good
-0.9892126196,1.30338040359,Good
0.801812108357,-0.271123854931,Good
0.171433072882,1.58042634227,Good
-0.283563857547,-0.965231882881,Bad
0.0503064671948,1.36585910986,Good
-1.10120913288,0.044403429579,Bad
1.11736591076,0.581141452688,Good
1.37842225939,-0.413359200036,Good
0.10775679863,0.976660677298,Good
-0.708894192457,-0.38469742328,Bad
-0.452560142919,1.21485382495,Good
-0.516332963942,-1.63691184235,Bad
-1.1595866103,-0.419602522797,Bad
0.317534498225,-0.53612600623,Bad
2.2010351977,0.462485900218,Good
0.774156640155,0.429147149896,Good
-1.31502309708,-1.60171428893,Bad
-0.503892109616,0.935550840524,Good
-1.71651694338,0.691703954684,Bad
0.181475680342,1.02421115261,Good
-0.569477829526,0.278485073688,Bad
-0.916044200625,0.217992452031,Bad
0.499153733258,-0.668513190318,Bad
0.0762480364001,-0.924522675274,Bad
0.247917438058,-0.690182802055,Bad
-0.169105212403,-0.590235553272,Bad
-0.50473405621,0.347421217653,Bad
0.49624906867,0.396252152603,Good
-0.192805114217,-1.18475179009,Bad
-0.143032541163,-2.15903082762,Bad
-0.411458721019,1.04591708087,Good
-0.413065630765,-0.420734541453,Bad
-1.02578890838,0.576358908548,Bad
-0.264709595157,-0.0023455552411,Bad
1.25316243392,0.340550937732,Good
-0.423278726523,-0.4512985445,Bad
0.287465117557,-1.26341381199,Bad
-0.185225475555,0.697935838333,Good
-0.490197772185,-1.50848949478,Bad
0.259464984508,0.527503234662,Good
0.570892330466,-0.0199904676412,Good
-0.551724583211,-0.114850221297,Bad
-0.491341879766,-0.156434386359,Bad
0.70205238016,-1.22552248021,Bad
-2.15987453147,0.780275729735,Bad
0.00840582408295,0.778746432167,Good
-1.27709904107,0.402460908042,Bad
-0.0629494644735,0.667465931324,Good
-0.990217270307,0.587780588903,Bad
0.384019109245,-2.15017097369,Bad
-0.844157858247,-1.10737633266,Bad
1.849340059,0.0262231268474,Good
-0.186586924432,1.12317881222,Good
0.0618675765068,-1.59439200008,Bad
0.0477427938928,-0.0117149411104,Good
0.33587712647,-2.02345949937,Bad
-0.56992324466,0.384789117261,Bad
0.360856141337,0.300245137567,Good
-1.13095673022,-2.71246921153,Bad
-0.231392809147,-0.782353157607,Bad
1.01118108462,-2.7408365099,Bad
-0.221665675475,1.07888605403,Good
1.22579925976,-0.00277791042362,Good
-0.641154942155,-1.0774039925,Bad
-0.815890846723,1.37760091784,Good
1.62548355735,-1.76718648417,Bad
-0.364961819561,1.61324814525,Good
0.627308266814,1.59856217891,Good
-1.11066633019,-0.151120495872,Bad
0.824902816114,0.525782713639,Good
1.62561659051,-0.813489370951,Good
-1.43521244278,-0.922212820505,Bad
-1.96666959733,1.571760946,Bad
0.497887615665,-0.421539803372,Good
-1.85885323392,-0.168889610367,Bad
-0.422464926028,1.61278254512,Good
0.121467885647,-0.0419667712781,Good
0.731805291719,-0.158994768658,Good
1.02004647557,1.37234090451,Good
-1.62544435077,0.100390157949,Bad
-1.06377871936,-1.09016379725,Bad
0.672312925752,-0.252617950454,Good
1.35861517881,0.239735823863,Good
0.257897570333,1.10749767879,Good
1.6824811427,1.01602612941,Good
0.298858299202,0.272254974454,Good
-0.959282711053,-0.987237471839,Bad
1.60417817802,-0.921131119241,Good
0.56980582881,-0.333233270088,Good
-2.65436000137,0.996746573401,Bad
-0.288844412048,-0.248437382772,Bad
0.0647152828947,0.731153466634,Good
1.5088892907,0.316251140327,Good
-0.678159873317,0.589028225714,Bad
0.290165270147,-1.54923737366,Bad
0.98430703355,-1.07183711895,Bad
1.29629290809,1.27771473951,Good
-1.51764066217,0.834618971298,Bad
-0.309183739153,-1.32100730848,Bad
1.34541114265,0.346656021145,Good
-0.116154397849,0.781394939176,Good
0.788743670961,0.156605038869,Good
-0.0579956129867,-1.98361865246,Bad
-0.237249407373,0.117130783991,Bad
1.93868812237,0.430681742597,Good
0.1729902562,1.05751641863,Good
-0.590846121989,-1.36597569701,Bad
-0.871597104135,-0.30940013842,Bad
0.182713309682,-0.322839277253,Bad
0.785428326625,0.978406830202,Good
0.143779221265,-0.671519810382,Bad
-0.27382321559,1.30952170028,Good
0.188390855861,0.973093641064,Good
0.949233044821,0.166692499603,Good
-0.307900134224,-0.46750433777,Bad
-1.23407955626,0.0230954083181,Bad
-0.0815463154508,1.43276750985,Good
-1.60184466775,-0.700061544296,Bad
-2.63813998139,-0.281545728118,Bad
1.31360045534,-0.774347131466,Good
-0.772961641848,-0.414547436989,Bad
-0.240436864229,0.208329420114,Bad
-2.0995102102,-0.227884205407,Bad
0.689255148534,-0.458152194565,Good
-0.144923637023,-0.500230908143,Bad
-0.70200892182,-0.255029676684,Bad
-1.67648669404,-1.67139755589,Bad
0.390723801439,-0.159993292505,Good
-0.546582097986,2.58231709926,Good
-0.254722240911,-0.76340592897,Bad
-0.0623292883577,-0.00547110339003,Bad
0.277531121858,1.07497138327,Good
-1.57868873915,-0.112547159695,Bad
-1.19464441752,1.03295974874,Bad
-2.05278531491,1.38848563714,Bad
-0.379398260234,0.123203756351,Bad
1.04869040594,0.584826428395,Good
0.00777039169131,-1.84851591872,Bad
-0.995062773088,0.333072262207,Bad
0.0100597605724,0.359681027269,Good
1.43170332384,1.43609322172,Good
-0.149800070974,-1.3161429191,Bad
0.491161000523,0.794453135396,Good
-1.73601060942,-1.2018526562,Bad
1.13259566652,1.18155677419,Good
0.751764165568,0.130279260558,Good
1.17474610742,-0.708695271455,Good
-0.821569301704,-0.347249094752,Bad
-0.435963945268,-0.485160808338,Bad
-0.619272058901,0.0599167133642,Bad
0.532384043381,-0.650067461837,Bad
-0.34474388853,-1.2244338062,Bad
1.69171645285,-0.435978359314,Good
-0.107626711905,0.518561718059,Good
-1.69705198178,0.886588458993,Bad
-0.257627308396,-0.682667442188,Bad
0.592623979251,-1.05152651428,Bad
-2.19913122192,0.0395423084556,Bad
0.490884252597,0.12844556559,Good
1.9533775046,-1.03588818558,Good
-0.317329233596,1.5948213427,Good
0.315518040605,-1.8668975172,Bad
-1.52447380668,0.395763868416,Bad
1.03731081899,-1.96467131722,Bad
-1.50225986068,-1.83887570142,Bad
1.43592681126,0.0556330738734,Good
-1.07897074638,-0.431482751653,Bad
1.35165311252,0.012601042968,Good
0.0200747718445,-1.54279909417,Bad
-0.16703163389,1.28485681399,Good
-1.02395744972,-2.07578784246,Bad
0.46541131194,0.649587175962,Good
1.38707287338,3.21655018249,Good
-1.24153108281,-0.614350840057,Bad
-0.707009777459,0.299438776425,Bad
-0.347283031038,-2.24519755583,Bad
2.82172781298,1.33108481027,Good
-1.95282747479,-0.17880942652,Bad
0.673205262686,0.97770037544,Good
-0.56913384539,1.8877558322,Good
0.767116428861,-0.560175886498,Good
-0.525357026157,1.4520681259,Good
1.2126798168,1.33293219492,Good
0.876849210817,-0.535501342462,Good
0.108653250238,-0.748847853561,Bad
-0.181448525079,-1.83838090951,Bad
0.0565802062994,-0.491207030829,Bad
1.51335547854,-0.4315559314,Good
-0.263847556689,-0.865802527635,Bad
0.109128057782,0.928367915554,Good
0.533640943277,0.458668189326,Good
-0.365762085897,-0.701492213362,Bad
1.32531007569,-0.120357986919,Good
1.2186878746,-1.28156516268,Bad
-0.872802232664,1.98289566031,Good
-0.415905245115,2.69248952871,Good
-2.86077766765,0.146427294315,Bad
0.00456401403387,1.71985036669,Good
0.696825292387,-0.906579358532,Bad
0.0425155522478,0.316787118801,Good
0.0748329434225,-1.18512720617,Bad
0.879084841981,-0.23472884248,Good
1.48333375548,-0.590379445313,Good
-0.0187797122299,-1.7770131485,Bad
-2.71096495249,1.00209522734,Bad
-1.30897564426,-0.0111372476636,Bad
-0.184659412894,-1.64456428002,Bad
1.44738837632,-1.27889643399,Good
0.18520745757,-0.210946942751,Bad
1.18597091921,-0.756701520388,Good
0.919587003395,-0.80146896683,Good
0.404158837939,2.79023128291,Good
0.553037864344,0.885583525427,Good
-0.311380911522,-0.166335970804,Bad
1.16745447595,-0.171888677571,Good
-1.75158743869,-1.28540034229,Bad
0.542496225697,-0.227708566861,Good
-1.83449757742,1.01902406822,Bad
-1.44975338737,-0.184362843382,Bad
-0.501645029239,-0.247516796698,Bad
-1.48223368222,0.728030641988,Bad
0.335138333202,-0.0335991540878,Good
0.759943704626,-0.19138551212,Good
-1.32128323187,0.542080864185,Bad
0.600453347991,1.5520035412,Good
0.0904919494403,0.65741484378,Good
-0.698477245732,-1.25970756737,Bad
-1.84526167286,-0.81485239875,Bad
0.0602930626841,0.229901908565,Good
0.390691141046,-0.167715291718,Good
1.69399395858,0.369664681918,Good
-0.551246528971,0.582934369974,Good
-2.36543924479,1.79712329381,Bad
-2.43565709461,-0.416459795762,Bad
1.41997561786,-0.0924343681893,Good
0.336957054728,0.726350377086,Good
-1.07178497567,-0.644893402211,Bad
-0.24829809898,-0.0541022836431,Bad
0.453549762466,-0.804075874819,Bad
-0.344406675705,1.2937539323,Good
-0.934376612117,0.210365409019,Bad
-0.588136856724,-1.36631402216,Bad
-0.630461230253,-0.869781125339,Bad
0.16273608077,0.717509643781,Good
-0.342551561228,-0.168400104356,Bad
0.486882787689,1.65335455388,Good
0.893568450057,1.18711940724,Good
-0.593140226992,-0.0474855878428,Bad
0.111296163643,-1.07793829178,Bad
0.375353049978,-0.183649978636,Good
0.491495407831,0.560745383281,Good
0.24175492138,-1.02789214385,Bad
0.89094086644,0.323878137372,Good
-1.76162325592,0.845542857807,Bad
0.308117642588,1.54733615407,Good
-1.62054077909,-1.80755652667,Bad
1.48068799757,-0.202598005385,Good
1.2163509017,1.23824784242,Good
-0.494785940207,1.29256202822,Good
-0.822849342295,-0.796254367783,Bad
-0.372183960184,0.126733399592,Bad
-0.68012823645,0.414871753308,Bad
1.80847188262,-0.181417344625,Good
-0.178928205654,1.29376911057,Good
-0.0806751864487,0.248543246521,Good
-2.14494093549,2.06067627304,Bad
-0.0106707428471,0.594021830529,Good
-0.13023589782,0.59040356083,Good
0.153614894636,-0.829960859531,Bad
-0.40639479598,-1.98623721653,Bad
1.14368503663,-1.00552854168,Good
-1.31752383742,0.0875995458986,Bad
-1.40649073018,-2.24493172807,Bad
0.0735589110559,1.25301826154,Good
-1.53266179295,-1.34500946109,Bad
1.05320203333,0.590753066801,Good
1.1005716088,1.26109577979,Good
-2.45830573763,-1.10423620087,Bad
-0.284204756908,-0.921806705894,Bad
-1.1523409762,-0.546887935091,Bad
0.941565369917,-1.85875102538,Bad
-0.980648118303,1.91807177311,Good
-0.0683582345033,-0.155443163449,Bad
-0.0939593183722,-0.0651750897493,Bad
-0.873872673435,-1.32047300814,Bad
-0.311376832405,-0.533190990739,Bad
0.336444634204,-0.47432394157,Bad
-0.999538780516,-1.03472819024,Bad
2.30603753301,0.37808603758,Good
1.62457887911,0.583840205405,Good
0.187042538398,-0.13521341748,Good
1.68445461603,-1.11105691858,Good
0.308807938347,0.403799681891,Good
-1.13467223388,-0.332167363385,Bad
0.299632651054,-0.367823700457,Bad
-0.0363624652147,-0.145309121726,Bad
-0.168297149391,1.04417111641,Good
0.207129402269,1.19848550041,Good
0.416275044562,0.777847260518,Good
-1.10263305176,0.0804434957305,Bad
0.136841918837,-1.93644009493,Bad
1.41620586399,-0.410932893726,Good
-0.52985557768,0.914919679103,Good
1.01060854884,0.638509709147,Good
0.120261480435,0.158698571451,Good
0.316257164176,0.876586306401,Good
1.61700002143,0.670923834489,Good
0.564372451206,0.131291545616,Good
0.341957314515,0.304004685331,Good
-1.61218371009,-0.835253476318,Bad
2.66424070388,-1.00811959144,Good
0.670821524241,0.803099116933,Good
-1.1321116628,0.346896796568,Bad
1.24271291932,0.37253670015,Good
-0.0754878270827,1.6325725615,Good
0.534176037898,-0.741270465706,Bad
0.165730962962,-1.22276328735,Bad
1.51640308331,0.0698019911691,Good
0.186314891633,0.696911703946,Good
0.478147035664,1.00551957779,Good
-0.265151988204,0.276920805434,Good
-0.427410796479,1.11391650188,Good
0.504523749139,-0.118600117217,Good
-0.816960467022,-1.46105529644,Bad
0.897508307142,-2.02596788029,Bad
-0.377297746383,1.66134612794,Good
-2.74234205629,1.99924248296,Bad
-0.39973714976,0.420964042005,Good
1.42281673341,-1.05290502992,Good
0.383682253345,0.746008440623,Good
0.159004691589,0.741955165157,Good
-0.312175156723,-1.61307485823,Bad
-0.0766944099096,0.959441740541,Good
-0.378067168261,1.77495825194,Good
0.674442236935,-0.44957191808,Good
-1.03127787999,-0.884640920616,Bad
-0.291403466499,0.663343976193,Good
-0.221521816357,-2.10723638372,Bad
0.930207068644,0.224410147685,Good
0.25506753459,-3.19661829427,Bad
-0.8494641919,-1.84852130215,Bad
1.31140417842,2.39314922365,Good
0.599683599487,0.290154389908,Good
1.09428311671,-0.640001915708,Good
0.139848210777,-1.24080104373,Bad
-0.611994289059,0.432541017922,Bad
1.21450359549,-0.433788557521,Good
0.276466176781,-1.10725417465,Bad
0.688636972514,0.0390008172827,Good
-0.845046956702,-0.884458123404,Bad
0.569895448293,1.04350514448,Good
-0.265236648835,1.48053032881,Good
-0.182696742261,-1.4689938021,Bad
-0.378357061085,-0.104103836708,Bad
0.695995822912,-0.142307524525,Good
0.140673569908,0.270811308368,Good
1.21705090548,0.411772577386,Good
-0.407630244161,0.0611320037731,Bad
-0.85066680128,-0.177539174738,Bad
1.38339221701,-0.350067165107,Good
1.23844652613,1.62475250116,Good
-1.06273343417,-0.0728675117593,Bad
-1.17888121127,-0.0279842161498,Bad
1.10997644456,0.409373236426,Good
-0.826304239685,1.03375783368,Good
-0.0555049202646,1.52817512195,Good
0.600854881653,1.29161035039,Good
-0.514333379136,-0.985897387535,Bad
-2.1220666919,0.836229539635,Bad
-1.08414589999,-0.841955626343,Bad
-1.41789206811,0.594216180217,Bad
-1.10757802907,-1.61019981246,Bad
1.13766469733,0.515134856313,Good
1.01508531143,0.320777679445,Good
1.17057472713,-0.409120939391,Good
-0.287865059996,-1.58785229031,Bad
-0.0556673162662,1.72168961967,Good
1.20034024441,-2.1282583729,Bad
0.5507379538,-0.332351986975,Good
-0.845861592173,0.197761857176,Bad
-1.27306796876,0.34813852869,Bad
0.115055676481,-0.329210230419,Bad
0.625867095355,1.49064770396,Good
0.213114366897,-1.30884012706,Bad
0.572543460677,0.378652559563,Good
-0.607834359235,-0.492190947687,Bad
-0.639558606052,0.42818560833,Bad
-1.22719675043,-1.62240160337,Bad
0.496737992632,0.333126915641,Good
-0.680128380802,2.12971226107,Good
-0.156298386734,2.16316400965,Good
0.04262117091,-0.470995406331,Bad
1.2744647056,-0.256057297339,Good
0.139608556835,-0.630727482315,Bad
0.73778798132,0.772792203041,Good
-0.641176892702,0.238321619266,Bad
-1.56172650871,1.1111544774,Bad
0.354451314504,-0.142480745481,Good
0.0834873171905,1.2226178759,Good
0.165934622349,1.2667245907,Good
-0.778299041686,-0.347106754915,Bad
-0.935715944544,0.0215009311513,Bad
0.128677674153,1.52988720888,Good
-1.18975921213,0.07883297243,Bad
-1.73561766993,-0.27532040896,Bad
-0.558049543405,1.37135034925,Good
-0.18064125551,1.07733183203,Good
0.332604856803,-1.19481061872,Bad
0.258574679072,-0.0410777485295,Good
-0.168187970754,0.996481544733,Good
-1.16421153479,1.1287492984,Bad
-0.666467480323,-0.324412583065,Bad
0.200918425963,-0.664250150663,Bad
1.96747925275,2.69054574899,Good
2.1767599653,0.00901767609731,Good
-0.216781795296,1.46370117374,Good
0.0629410746642,0.832254417874,Good
-1.0186329385,-1.49835551513,Bad
0.627456611943,-0.334607181685,Good
-0.823933389021,1.07744577598,Good
0.361566185039,-2.9481638692,Bad
0.253873542195,0.213461912007,Good
-0.357588618886,-1.61610907356,Bad
-1.56028863158,-0.839542200961,Bad
-0.281677770106,-0.591324601017,Bad
0.682846365435,0.627308924015,Good
2.71642093791,-0.173401819115,Good
-0.188442912811,0.685676416868,Good
-0.322131215706,1.02182984333,Good
-0.871039684071,-0.434463938195,Bad
1.0851798922,0.446729149748,Good
-1.13238179039,0.347907419521,Bad
0.535365332805,-1.40988953588,Bad
0.127380693,0.524791823435,Good
-0.00937042551939,1.63737875403,Good
-0.854965389039,-1.5095479034,Bad
0.468730614868,-0.461729702598,Good
0.19270630757,2.47639769821,Good
-0.063110247631,0.739116594648,Good
-1.2146827651,0.714686622434,Bad
-0.508116307595,-0.283172539771,Bad
-0.841146115369,-0.262566762632,Bad
-0.502757626159,-0.822086532072,Bad
1.12037906136,0.29505504835,Good
-0.498496612155,1.04995109015,Good
1.4468870933,0.357728482213,Good
-1.87727280011,0.364842732057,Bad
-0.505297117036,-0.991553509627,Bad
-0.0855455209456,1.16321745887,Good
1.19806608894,-0.0363585925441,Good
-1.48644310125,-1.69323746186,Bad
-0.399308125117,-0.132580848024,Bad
0.8004203664,-1.1876374989,Bad
2.09326292389,0.0278019335572,Good
-1.82418011609,-0.985863661001,Bad
-0.576656715573,-1.00534966356,Bad
-0.211461933423,0.0328186093776,Bad
-0.161676795229,1.12758532041,Good
0.404819948036,0.179178846708,Good
-0.654763139647,0.883129145115,Good
-0.240754815376,-0.289387802365,Bad
-1.37925535116,0.807911797898,Bad
0.493688217138,0.86120011723,Good
-0.487900666693,-0.926499202654,Bad
-1.6516982969,0.24318201712,Bad
-0.739695041514,0.281648852962,Bad
-0.412382348353,0.125158096796,Bad
-0.576481193946,-0.458575750101,Bad
-1.18131769249,0.322353508403,Bad
0.994372628,-0.658819195293,Good
0.636719548403,0.413708938797,Good
0.17476175926,0.144199285865,Good
-0.114542546721,0.198682405939,Good
0.552209860302,-0.754154955691,Bad
0.128555776693,-0.191089983422,Bad
0.222035450587,-0.494721816695,Bad
1.17251038906,-0.73994894287,Good
0.2721517707,-1.15864126902,Bad
1.28298422154,-0.887692814369,Good
-0.735033872695,0.428344396642,Bad
-0.433329644588,1.17849984708,Good
-0.731873532634,-0.35325586645,Bad
-0.145296666668,-0.438552641399,Bad
-0.109704204191,-2.81600398053,Bad
0.753411997335,0.414877814227,Good
0.254719259631,-0.178656876706,Good
0.0487608561964,-1.07434370396,Bad
-1.54502641497,0.478939068822,Bad
-1.40821799101,-0.71949978953,Bad
0.184028879443,-0.778272037391,Bad
-0.282057933872,-0.668203969448,Bad
-1.10385875548,0.185759566018,Bad
-0.587451208111,-0.554863753665,Bad
0.252136950663,0.494888178418,Good
-0.623458801674,0.740071286739,Good
0.308753534224,-0.583757930148,Bad
-1.29508677986,-0.285915157249,Bad
-1.33033291376,-0.142163290005,Bad
0.87528293688,-0.9785123413,Bad
0.901699138686,-1.12741633898,Bad
-0.765622495059,-0.143097180493,Bad
0.0171711993661,-0.118815914989,Bad
0.0303517565895,0.0320887893012,Good
0.331763195282,-1.18050663593,Bad
-0.398030250152,-0.401659333837,Bad
-1.45856720779,0.101041988415,Bad
1.15274211369,0.831359666711,Good
0.872247664673,-0.121156053463,Good
1.02414458197,-0.583270423597,Good
-1.17791958937,0.258924996671,Bad
2.0098180069,-2.07799184245,Bad
1.1891117118,0.0957639432643,Good
1.24941463948,1.01138809791,Good
0.371384870392,0.695729690336,Good
0.842388142254,-1.145932244,Bad
-0.360200757737,1.30949870613,Good
0.765481760196,1.98113553427,Good
-0.0266412941197,0.694771346252,Good
-0.458857342814,0.34374228678,Bad
-0.666923592125,0.437004788864,Bad
0.829482516974,-1.65765229655,Bad
1.64141263457,-1.01696385034,Good
-0.876814615665,2.54436987874,Good
0.1425699299,-2.23682043046,Bad
0.704390995184,0.735904505379,Good
0.8328696344,0.360939168238,Good
1.38509657725,-0.0878290446164,Good
-0.242605840328,0.173295628017,Bad
0.632480208363,1.65617431279,Good
-0.703639664082,-1.35055086408,Bad
0.502230112111,-0.914207096611,Bad
-0.911888127363,-0.613036186091,Bad
0.063752231742,0.29037257655,Good
1.32778932387,-0.770677736373,Good
-1.97966515328,-0.416210844869,Bad
-0.231018855293,1.05075588565,Good
-0.798642458882,-1.66108999995,Bad
-0.0785482583812,0.163737084115,Good
0.486725964584,0.862752280039,Good
-0.494903778317,-1.36896903634,Bad
0.25170936344,0.704895977111,Good
1.01207425463,-1.6579626689,Bad
-0.447538752493,-2.47954292199,Bad
0.180273611175,1.13913645482,Good
-0.943993203408,-2.10549713828,Bad
-0.662640122042,0.863489981156,Good
-0.181856295338,-1.47387017883,Bad
0.482689072833,-1.10033498646,Bad
0.753853703838,0.166062622267,Good
-1.02666134834,-1.31423677652,Bad
0.842068836034,0.205034678006,Good
0.496903251533,-0.516296555053,Bad
-0.811713547685,-0.314585696594,Bad
-1.74492035034,-2.05997892137,Bad
2.29022035144,2.76657441835,Good
-1.20298935429,-0.0781997607389,Bad
-0.205774190904,1.49387152621,Good
-0.875148556468,2.76522146758,Good
-0.178512443476,0.457081243359,Good
0.194011514281,-0.386988689014,Bad
-1.46712815853,-1.92683291869,Bad
1.62768734655,-0.0656331915062,Good
0.425491475776,-3.44940871239,Bad
0.116876045893,1.29645656348,Good
0.0425893389892,-0.609844017112,Bad
-1.47374194003,-0.400059607217,Bad
-0.253862528009,-1.14610506064,Bad
-0.280378161564,-1.34199702179,Bad
0.0879554674409,0.562339484318,Good
-0.117503746731,-0.0889586715481,Bad
-3.15613934879,-0.888445463856,Bad
-0.256455992412,1.23031241919,Good
2.3222489945,-0.810629226149,Good
0.42182584318,0.226940373393,Good
-1.18287630141,-1.0609880182,Bad
-0.826653886409,0.580293768148,Bad
-0.910337977159,1.04919350218,Good
-0.0447948889821,0.355201703435,Good
-0.886123491278,0.887790150915,Good
1.39530301885,-0.263561990148,Good
0.455298089889,0.149661161311,Good
1.02583975236,0.291959357955,Good
0.127083618712,-2.32619597465,Bad
0.823715734492,-0.699226892239,Good
0.900887716864,1.88867620161,Good
-0.0115727585379,-0.196236248392,Bad
-1.27983228673,0.878164066504,Bad
0.0632793822696,0.154554017521,Good
0.281932441555,-0.5159386484,Bad
-1.1894097002,2.53087072678,Good
-0.0817441529649,0.0722614920319,Bad
-0.69842300899,0.948379299373,Good
-0.292166900306,0.316559672921,Good
-0.357343390395,1.35155143285,Good
-0.158008493031,0.381290062177,Good
0.433923005004,0.355701063451,Good
0.976549060962,-0.671316592478,Good
-0.968502713285,-0.261098469932,Bad
0.457381749409,-2.11421069188,Bad
-0.055570923834,-0.515056703698,Bad
-0.536465755444,-0.332639611784,Bad
0.714759992556,0.0693699035134,Good
0.68764353521,-0.553535155979,Good
0.196743899834,-0.0723275992759,Good
1.38606241063,-1.70746232225,Bad
-0.463202706735,-1.95892509862,Bad
0.410186081947,2.34318373891,Good
0.678393327644,-0.0559268772467,Good
0.242595723765,-0.645738949166,Bad
-0.595860965514,0.631467598685,Good
-2.14435034897,0.819791542973,Bad
0.431646429916,-0.334091966922,Good
0.109081232014,-0.120162256391,Bad
0.302306138968,1.40264064578,Good
-1.25154056446,-0.738708981869,Bad
1.22863689944,-0.0486607667093,Good
-1.00366732737,0.486760807595,Bad
0.0978426823946,-0.0085704457146,Good
-0.574343672242,-0.240612681213,Bad
0.133975982548,-0.686576526885,Bad
0.40713335652,0.710164266578,Good
0.158087678587,-1.07290688804,Bad